mean,median,kendall,method,feature,statistic
0.730278462386095,0.7854004221772283,0.6277475816288215,sngp,mfp,AUROC
0.7376985899461962,0.7804032223323139,0.6086042731923674,sngp,mordred,AUROC
0.8035345439374941,0.7724766294748633,0.5840212962024853,gp,mfp,AUROC
0.8781907030316497,0.873540688407358,0.6905516280675567,gp,mordred,AUROC
0.7403975653388415,0.7813725067849913,0.6952700105771317,bnn,mfp,AUROC
0.7176539575147318,0.7787015896265024,0.6437228117493419,bnn,mordred,AUROC
0.773050264484284,0.7667793908585707,0.4779633097604224,ngboost,mfp,AUROC
0.8308227354454287,0.8173652694610778,0.5619952212146951,ngboost,mordred,AUROC
0.6544081469775329,0.6484728384956706,0.6760318672217585,gnngp,graphnet,AUROC
