mean,median,kendall,method,feature,statistic
0.9264288851245374,0.9379666227492315,0.7142857142857143,sngp,mfp,AUROC
0.9095143986448334,0.9026570048309179,0.6190476190476191,sngp,mordred,AUROC
0.9286624004015308,0.941304347826087,0.9047619047619049,gp,mfp,AUROC
0.9255568103394192,0.9246157224418095,1.0,gp,mordred,AUROC
0.931454294497773,0.9425779534475187,0.9047619047619049,bnn,mfp,AUROC
0.9063397954702302,0.9042819499341238,1.0,bnn,mordred,AUROC
0.890335027291549,0.9017347386912605,1.0,ngboost,mfp,AUROC
0.9002823263692828,0.9152173913043479,1.0,ngboost,mordred,AUROC
0.8939770374552982,0.9033377250768555,0.9047619047619049,gnngp,graphnet,AUROC
