mean,median,kendall,method,feature,statistic
0.8640974967061924,0.9258454106280193,1.0,sngp,mfp,AUROC
0.872360248447205,0.9116600790513835,0.8095238095238096,sngp,mordred,AUROC
0.9301242236024845,0.9453886693017128,0.9047619047619049,gp,mfp,AUROC
0.9251678273417404,0.9345410628019324,1.0,gp,mordred,AUROC
0.8651828847481022,0.9343214756258236,0.9047619047619049,bnn,mfp,AUROC
0.8460537047493569,0.9012516469038209,0.8095238095238096,bnn,mordred,AUROC
0.896323483280005,0.9065876152832674,0.5238095238095238,ngboost,mfp,AUROC
0.8999215760085325,0.906697408871322,0.9047619047619049,ngboost,mordred,AUROC
0.8436539306104524,0.9118577075098815,0.9047619047619049,gnngp,graphnet,AUROC
