mean,median,kendall,method,feature,statistic
0.2625536968146353,0.26552527750142507,-0.2542641465084806,sngp,mfp,Expected Calibration Error
0.26542722418351344,0.25981283409402356,-0.25601414608034384,sngp,mordred,Expected Calibration Error
0.16394311483041107,0.14448795504662926,0.017208083892917485,gp,mfp,Expected Calibration Error
0.1827848852037058,0.15660963416811102,0.02071993774861493,gp,mordred,Expected Calibration Error
0.2650345788809591,0.2931060613757084,-0.4476877710999942,bnn,mfp,Expected Calibration Error
0.24651607209276225,0.24250513536728874,-0.32203699856745577,bnn,mordred,Expected Calibration Error
0.20091080452524446,0.16997551776029912,-0.1668130581456287,ngboost,mfp,Expected Calibration Error
0.2611948420727771,0.2426036835033166,-0.0488147685941945,ngboost,mordred,Expected Calibration Error
0.23626415110979762,0.22638583134115942,-0.2827042353836444,gnngp,graphnet,Expected Calibration Error
