mean,median,kendall,method,feature,statistic
0.2428784013605442,0.28406084656084657,1.0,sngp,mfp,Absolute Miscalibration Area
0.3238929831191736,0.3714451058201058,1.0,sngp,mordred,Absolute Miscalibration Area
0.15032123960695393,0.14897486772486776,1.0,gp,mfp,Absolute Miscalibration Area
0.18047288359788363,0.15190972222222224,0.6190476190476191,gp,mordred,Absolute Miscalibration Area
0.15909955803308976,0.10086897413286301,-0.8095238095238096,bnn,mfp,Absolute Miscalibration Area
0.07363643759973124,0.07109329071134624,-0.23809523809523814,bnn,mordred,Absolute Miscalibration Area
0.07000608885529518,0.06572420634920632,-0.33333333333333337,ngboost,mfp,Absolute Miscalibration Area
0.04238184471319393,0.0317506246325691,-0.33333333333333337,ngboost,mordred,Absolute Miscalibration Area
0.08260634500713863,0.061337999706055225,-0.23809523809523814,gnngp,graphnet,Absolute Miscalibration Area
