mean,median,kendall,method,feature,statistic
0.4520582059599579,0.6866473592719098,0.8432292431798332,sngp,mfp,$R^2$
0.5715631205799331,0.9234596495447556,0.8103974751131298,sngp,mordred,$R^2$
0.7093812776746928,0.7707934348154661,0.879344188053207,gp,mfp,$R^2$
0.8544712623805506,0.9289427285133515,0.8563619504065145,gp,mordred,$R^2$
0.4055931472625953,0.6511051490806382,0.783037668390877,bnn,mfp,$R^2$
-1.0896180503672246,0.8278023854567937,0.6932975023418876,bnn,mordred,$R^2$
0.4732081366331766,0.5276401796762696,0.6900143255352172,ngboost,mfp,$R^2$
0.8954066830168501,0.9205027425811263,0.7622442152819647,ngboost,mordred,$R^2$
0.5443744897411108,0.8800200465351938,0.8355684972976024,gnngp,graphnet,$R^2$
