mean,median,kendall,method,feature,statistic
0.6497795006173467,0.7823963307651381,1.0,sngp,mfp,$R^2$
0.8073204634972798,0.93875180377693,0.8095238095238096,sngp,mordred,$R^2$
0.737867471779101,0.7820052782912323,1.0,gp,mfp,$R^2$
0.9362183359904629,0.9424725838130374,1.0,gp,mordred,$R^2$
0.6038322396855321,0.7391432121560602,1.0,bnn,mfp,$R^2$
0.7210962137768865,0.8543268934225126,0.8095238095238096,bnn,mordred,$R^2$
0.47425790963194336,0.47684741574527145,0.8095238095238096,ngboost,mfp,$R^2$
0.9238019748465262,0.9306533287044982,1.0,ngboost,mordred,$R^2$
0.7694785470759394,0.9197678511716266,0.8095238095238096,gnngp,graphnet,$R^2$
