mean,median,kendall,method,feature,statistic
0.6415928820533345,0.746857793975696,0.9047619047619049,sngp,mfp,$R^2$
0.8000102404972868,0.938173068213666,0.8095238095238096,sngp,mordred,$R^2$
0.7506641435416868,0.7801674974550846,0.9047619047619049,gp,mfp,$R^2$
0.9376533449352201,0.9439522801021898,1.0,gp,mordred,$R^2$
0.5949835944565811,0.7051966043463453,0.7142857142857143,bnn,mfp,$R^2$
0.66321236431473,0.870835333186617,0.5238095238095238,bnn,mordred,$R^2$
0.5135516765284084,0.49228310149989973,0.7142857142857143,ngboost,mfp,$R^2$
0.9276698950640132,0.9319466278384279,1.0,ngboost,mordred,$R^2$
0.7886560116703557,0.9154886446886441,0.6190476190476191,gnngp,graphnet,$R^2$
