mean,median,kendall,method,feature,statistic
0.21202989186648652,0.27700937451974794,0.821341397802031,sngp,mfp,Absolute Miscalibration Area
0.2589066195491307,0.37717073920393424,0.7531476871724431,sngp,mordred,Absolute Miscalibration Area
0.1835772068919474,0.20627785461810358,0.8221132457361988,gp,mfp,Absolute Miscalibration Area
0.16443234874142826,0.1823805132933764,0.793981591079778,gp,mordred,Absolute Miscalibration Area
0.17666269728298767,0.10183050731690658,-0.40175174591902124,bnn,mfp,Absolute Miscalibration Area
0.12592071925904091,0.051444598125096073,-0.47223026402608437,bnn,mordred,Absolute Miscalibration Area
0.0665939692801055,0.055094513600737645,-0.6484274193173928,ngboost,mfp,Absolute Miscalibration Area
0.05410468703593131,0.03730597817734744,-0.5860470599906563,ngboost,mordred,Absolute Miscalibration Area
0.10185388133222371,0.1038497003227294,-0.28837236285254514,gnngp,graphnet,Absolute Miscalibration Area
