mean,median,kendall,method,feature,statistic
0.14114514440035275,0.028284143518518545,0.6190476190476191,sngp,mfp,Absolute Miscalibration Area
0.1874058458259847,0.022038966049382738,0.7142857142857143,sngp,mordred,Absolute Miscalibration Area
0.2291356646825397,0.23509837962962962,1.0,gp,mfp,Absolute Miscalibration Area
0.18326076572604347,0.20109953703703703,0.9047619047619049,gp,mordred,Absolute Miscalibration Area
0.24994833002645503,0.34360532407407407,-0.4285714285714286,bnn,mfp,Absolute Miscalibration Area
0.14973269400352732,0.16030092592592587,-0.6190476190476191,bnn,mordred,Absolute Miscalibration Area
0.03865258487654322,0.03294592335390948,0.04761904761904762,ngboost,mfp,Absolute Miscalibration Area
0.08595587154614934,0.08232060185185186,0.4285714285714286,ngboost,mordred,Absolute Miscalibration Area
0.14833416005291003,0.13823784722222218,0.23809523809523814,gnngp,graphnet,Absolute Miscalibration Area
