mean,median,kendall,method,feature,statistic
0.291438553872691,0.00015042226836636807,0.4285714285714286,sngp,mfp,$R^2$
0.37863671356808154,0.0006050459212603165,0.23809523809523814,sngp,mordred,$R^2$
0.6503369877957524,0.6861981765140952,1.0,gp,mfp,$R^2$
0.873394882427739,0.92246212127209,0.4285714285714286,gp,mordred,$R^2$
0.27865643806166973,-0.03921227546914352,0.6190476190476191,bnn,mfp,$R^2$
-0.31453965207015144,-0.14842055726373538,0.6190476190476191,bnn,mordred,$R^2$
0.48828837736509584,0.5072649138017932,0.14285714285714288,ngboost,mfp,$R^2$
0.8727756941856565,0.9091827741733363,0.33333333333333337,ngboost,mordred,$R^2$
0.3736572327996241,0.006533586456290763,0.8095238095238096,gnngp,graphnet,$R^2$
