mean,median,kendall,method,feature,statistic
0.14392082590612001,0.052007685790365535,0.16363636363636364,sngp,mfp,Absolute Miscalibration Area
0.15717633854888757,0.06352124183006537,0.2727272727272727,sngp,mordred,Absolute Miscalibration Area
0.24817758191941197,0.27988834422657954,0.7454545454545454,gp,mfp,Absolute Miscalibration Area
0.23111631016042777,0.2640250544662309,0.9272727272727274,gp,mordred,Absolute Miscalibration Area
0.3104286327325543,0.3559368191721133,-0.6000000000000001,bnn,mfp,Absolute Miscalibration Area
0.21194172113289758,0.20220588235294115,-0.5272727272727272,bnn,mordred,Absolute Miscalibration Area
0.06862607557052001,0.03833061002178653,-0.2,ngboost,mfp,Absolute Miscalibration Area
0.14148772584230104,0.12527233115468414,-0.018181818181818184,ngboost,mordred,Absolute Miscalibration Area
0.15211826874408574,0.12037037037037035,-0.2727272727272727,gnngp,graphnet,Absolute Miscalibration Area
