mean,median,kendall,method,feature,statistic
0.1817848591499906,-0.0014356530108512455,0.7818181818181819,sngp,mfp,$R^2$
0.20574517704546053,-0.0017045867650851143,0.7818181818181819,sngp,mordred,$R^2$
0.5438527598211506,0.7141687680544385,0.7818181818181819,gp,mfp,$R^2$
0.6635336358340307,0.9052956954264445,0.8545454545454545,gp,mordred,$R^2$
0.11963695907570569,-0.11121795787857192,0.5272727272727272,bnn,mfp,$R^2$
-0.6288453223057655,-0.20665274930337185,0.34545454545454546,bnn,mordred,$R^2$
0.3972943698801492,0.5342178845869185,0.6363636363636364,ngboost,mfp,$R^2$
0.7220139831192327,0.9160800081656503,0.45454545454545453,ngboost,mordred,$R^2$
0.20313847471071653,-0.0060502523857342005,0.7454545454545454,gnngp,graphnet,$R^2$
