mean,median,kendall,method,feature,statistic
0.43168209737202484,0.7398110260060522,1.0,sngp,mfp,$R^2$
0.4923272791220325,0.8109450957573485,0.8095238095238096,sngp,mordred,$R^2$
0.6548182321815078,0.6832063365830248,1.0,gp,mfp,$R^2$
0.7577164908657247,0.7551314693143673,0.9047619047619049,gp,mordred,$R^2$
0.39854461726194795,0.6820450336265286,0.9047619047619049,bnn,mfp,$R^2$
-0.8070034276517096,0.6983721906752547,0.5238095238095238,bnn,mordred,$R^2$
0.5187886836293769,0.5076102533245059,0.7142857142857143,ngboost,mfp,$R^2$
0.7798030722134766,0.7817869283682526,1.0,ngboost,mordred,$R^2$
0.4788980249144656,0.8085438968771037,0.6190476190476191,gnngp,graphnet,$R^2$
