mean,median,kendall,method,feature,statistic
0.20875110468665617,0.16492769951595315,-0.44515159595678566,sngp,mfp,Expected Calibration Error
0.24454817192045455,0.245196693340339,-0.5182836438639719,sngp,mordred,Expected Calibration Error
0.15031993656744305,0.15184291400524338,-0.2289351064920612,gp,mfp,Expected Calibration Error
0.15006064789720858,0.13817488889364726,-0.3125004982473651,gp,mordred,Expected Calibration Error
0.2498218166715047,0.24561363336612868,-0.5532598406891479,bnn,mfp,Expected Calibration Error
0.20502125219723627,0.1609340573906642,-0.6009546545416606,bnn,mordred,Expected Calibration Error
0.16173566514463078,0.14785216728443218,-0.44515159595678566,ngboost,mfp,Expected Calibration Error
0.14130983491233043,0.13916453302493687,-0.22678607587094496,ngboost,mordred,Expected Calibration Error
0.21686200462469926,0.20112331596304833,-0.4863776441952182,gnngp,graphnet,Expected Calibration Error
