mean,median,kendall,method,feature,statistic
0.12064233063082627,0.11087700403035201,0.14285714285714288,sngp,mfp,Expected Calibration Error
0.18898460425477234,0.17701498969116897,0.4285714285714286,sngp,mordred,Expected Calibration Error
0.12528476490507187,0.12160876208345713,-0.04761904761904762,gp,mfp,Expected Calibration Error
0.13265181224809405,0.12480467078268924,0.14285714285714288,gp,mordred,Expected Calibration Error
0.14746968826804643,0.1363994945754921,0.7142857142857143,bnn,mfp,Expected Calibration Error
0.1155071574395938,0.1016554900841097,0.14285714285714288,bnn,mordred,Expected Calibration Error
0.1820617546716735,0.19454518124068435,-0.04761904761904762,ngboost,mfp,Expected Calibration Error
0.2177772860431472,0.2155256404949466,0.23809523809523814,ngboost,mordred,Expected Calibration Error
0.23937000694673302,0.21129601212514454,0.4285714285714286,gnngp,graphnet,Expected Calibration Error
