mean,median,kendall,method,feature,statistic
0.9246894720882465,0.9301133405422725,0.33333333333333337,sngp,mfp,AUROC
0.9222063930702643,0.92426608995154,0.5238095238095238,sngp,mordred,AUROC
0.9395879461961404,0.9449317153270056,0.7142857142857143,gp,mfp,AUROC
0.9475692716110834,0.9565060675237294,0.8095238095238096,gp,mordred,AUROC
0.9172345136540739,0.9448516160038448,0.7142857142857143,bnn,mfp,AUROC
0.9112842782192777,0.9137330289559052,0.33333333333333337,bnn,mordred,AUROC
0.8900636789619127,0.9026192478673556,0.9047619047619049,ngboost,mfp,AUROC
0.911372959612777,0.9275902118627097,0.8095238095238096,ngboost,mordred,AUROC
0.9197461995731849,0.9333173134687012,1.0,gnngp,graphnet,AUROC
