mean,median,kendall,method,feature,statistic
0.9307255282264294,0.9468140494212823,0.8095238095238096,sngp,mfp,AUROC
0.9297729184188394,0.9269894669390043,0.7142857142857143,sngp,mordred,AUROC
0.9396051103368175,0.9427690336016661,1.0,gp,mfp,AUROC
0.9291635914247952,0.9370018823340942,1.0,gp,mordred,AUROC
0.9201180892878599,0.9215026633024951,0.9047619047619049,bnn,mfp,AUROC
0.9093790586040977,0.9150146181264769,1.0,bnn,mordred,AUROC
0.8829806102424148,0.8770475389482959,0.9047619047619049,ngboost,mfp,AUROC
0.8958451336800489,0.8963514758300294,0.9047619047619049,ngboost,mordred,AUROC
0.905631554556221,0.921823060595138,0.8095238095238096,gnngp,graphnet,AUROC
