mean,median,kendall,method,feature,statistic
0.7547116972601258,0.8777107699805069,0.763117021640204,sngp,mfp,AUROC
0.752698925167858,0.8558418615984404,0.7281408248150281,sngp,mordred,AUROC
0.882546837773446,0.9062804580896686,0.8744049206294005,gp,mfp,AUROC
0.9019316699633071,0.9213419834307992,0.8589299408970434,gp,mordred,AUROC
0.7229147207331601,0.8807108918128654,0.6995239365035203,bnn,mfp,AUROC
0.7401840345462422,0.8578216374269005,0.7249611705581938,bnn,mordred,AUROC
0.8057683391542128,0.8264878776803118,0.7758356386675407,ngboost,mfp,AUROC
0.8667467535259717,0.8922012061403508,0.7767869527863075,ngboost,mordred,AUROC
0.7699985913133529,0.8680403265107213,0.7447027000333423,gnngp,graphnet,AUROC
