mean,median,kendall,method,feature,statistic
0.1686161829114705,0.15618326161123844,0.23809523809523814,sngp,mfp,Expected Calibration Error
0.19218805132269698,0.20717604799594727,0.33333333333333337,sngp,mordred,Expected Calibration Error
0.13677021357146804,0.12816167660720973,0.6190476190476191,gp,mfp,Expected Calibration Error
0.2023645439791371,0.21050946115816999,0.23809523809523814,gp,mordred,Expected Calibration Error
0.178308091305507,0.19926256338870493,-0.5238095238095238,bnn,mfp,Expected Calibration Error
0.12525876119220888,0.10913662086301326,0.04761904761904762,bnn,mordred,Expected Calibration Error
0.18992343190289532,0.19522937363554563,0.04761904761904762,ngboost,mfp,Expected Calibration Error
0.1905353174526862,0.18245060253179957,-0.23809523809523814,ngboost,mordred,Expected Calibration Error
0.19882786357252433,0.17617424275261,0.23809523809523814,gnngp,graphnet,Expected Calibration Error
