mean,median,kendall,method,feature,statistic
0.10222235243414397,0.09513093798319419,0.14285714285714288,sngp,mfp,Expected Calibration Error
0.17403092342929685,0.16887663430998612,0.14285714285714288,sngp,mordred,Expected Calibration Error
0.09883892734326154,0.09706888863667074,0.8095238095238096,gp,mfp,Expected Calibration Error
0.09054913506994645,0.07882277285839992,0.23809523809523814,gp,mordred,Expected Calibration Error
0.10336094580356102,0.07830149529901535,-0.04761904761904762,bnn,mfp,Expected Calibration Error
0.10434985467017883,0.10368185988586827,-0.14285714285714288,bnn,mordred,Expected Calibration Error
0.07557975869364175,0.0675230965750987,-0.04761904761904762,ngboost,mfp,Expected Calibration Error
0.08843085507088497,0.08718087322056164,-0.4285714285714286,ngboost,mordred,Expected Calibration Error
0.15459637250686178,0.14986826981684892,-0.5238095238095238,gnngp,graphnet,Expected Calibration Error
