mean,median,kendall,method,feature,statistic
0.8538513892225159,0.8452037793258067,0.6190476190476191,sngp,mfp,AUROC
0.8562678013794996,0.8386179838257667,0.6190476190476191,sngp,mordred,AUROC
0.8867260331949257,0.9020938425814716,0.9047619047619049,gp,mfp,AUROC
0.8885590748430047,0.9012330851149011,0.9047619047619049,gp,mordred,AUROC
0.8777181062191871,0.891084154055569,0.9047619047619049,bnn,mfp,AUROC
0.8727966324651407,0.869805428777324,0.8095238095238096,bnn,mordred,AUROC
0.8164870800590232,0.8233245255825126,0.9047619047619049,ngboost,mfp,AUROC
0.8796626745822037,0.8893426215069262,0.9047619047619049,ngboost,mordred,AUROC
0.8254463928256867,0.8222435743454238,0.9047619047619049,gnngp,graphnet,AUROC
