mean,median,kendall,method,feature,statistic
0.7609239736898646,0.8727112053729233,0.57086773445867,sngp,mfp,AUROC
0.7563477706388316,0.8750441852244609,0.5486657891145805,sngp,mordred,AUROC
0.9124709763721677,0.9130434782608696,0.7150708639247252,gp,mfp,AUROC
0.9033005496295371,0.9331919406150583,0.7511776254401339,gp,mordred,AUROC
0.7879005260640841,0.8928596677271121,0.733072911422099,bnn,mfp,AUROC
0.7466984107181226,0.8756804524566986,0.6036108609858547,bnn,mordred,AUROC
0.8147412305325099,0.8171438670908447,0.660125792053451,ngboost,mfp,AUROC
0.8793175028936991,0.9088370448921881,0.7307694558879464,ngboost,mordred,AUROC
0.7511002987267724,0.873312124425592,0.5376767747403257,gnngp,graphnet,AUROC
