mean,median,kendall,method,feature,statistic
0.8730797387415211,0.8737889342621508,0.7142857142857143,sngp,mfp,AUROC
0.8596993926083526,0.8410601329169669,0.6190476190476191,sngp,mordred,AUROC
0.8931545474303102,0.8853591160220995,1.0,gp,mfp,AUROC
0.888644864623726,0.8929457922972215,1.0,gp,mordred,AUROC
0.8865601729521979,0.8934462326847626,0.9047619047619049,bnn,mfp,AUROC
0.8639202498198415,0.8654816238289695,0.23809523809523814,bnn,mordred,AUROC
0.8121203802203081,0.8078709264152454,0.9047619047619049,ngboost,mfp,AUROC
0.8764998913329444,0.864000320281848,1.0,ngboost,mordred,AUROC
0.8285920181188018,0.8306109376251101,0.8095238095238096,gnngp,graphnet,AUROC
