mean,median,kendall,method,feature,statistic
-0.007134388875075131,-0.00791423342657227,0.14285714285714288,sngp,mfp,$R^2$
-0.006564604281550828,-0.0021627821794993896,-0.04761904761904762,sngp,mordred,$R^2$
0.6871976846811755,0.7232443622519484,0.4285714285714286,gp,mfp,$R^2$
0.887233310111225,0.9176932195693359,0.6190476190476191,gp,mordred,$R^2$
0.09580786218591585,0.09522056962864434,-0.04761904761904762,bnn,mfp,$R^2$
-3.6672719418190534,-2.007670323863772,0.14285714285714288,bnn,mordred,$R^2$
0.64731540272891,0.698486372999129,0.7142857142857143,ngboost,mfp,$R^2$
0.9030945103006541,0.9394509247720312,0.8095238095238096,ngboost,mordred,$R^2$
0.0023990535531373458,0.006332322483471153,0.7142857142857143,gnngp,graphnet,$R^2$
