mean,median,kendall,method,feature,statistic
0.056951793062904155,0.05884773662551439,-0.23809523809523814,sngp,mfp,Absolute Miscalibration Area
0.05792181069958846,0.059156378600823026,-0.33333333333333337,sngp,mordred,Absolute Miscalibration Area
0.0950029394473839,0.07263374485596708,0.5238095238095238,gp,mfp,Absolute Miscalibration Area
0.1685185185185185,0.19938271604938276,0.8095238095238096,gp,mordred,Absolute Miscalibration Area
0.39492945326278656,0.3925925925925926,-0.39036002917941326,bnn,mfp,Absolute Miscalibration Area
0.24322457378012927,0.3169753086419753,0.04761904761904762,bnn,mordred,Absolute Miscalibration Area
0.07880658436213993,0.08446502057613173,0.4285714285714286,ngboost,mfp,Absolute Miscalibration Area
0.13616990005878896,0.10751028806584362,0.8095238095238096,ngboost,mordred,Absolute Miscalibration Area
0.17896825396825397,0.1771604938271605,0.8095238095238096,gnngp,graphnet,Absolute Miscalibration Area
