mean,median,kendall,method,feature,statistic
-0.013401396362398945,-0.007499318586759118,-0.23809523809523814,sngp,mfp,$R^2$
-0.017619715976465184,-0.01433901081471034,0.5238095238095238,sngp,mordred,$R^2$
0.5454048012278392,0.5128193830037693,0.7142857142857143,gp,mfp,$R^2$
0.8441771504796954,0.853906649614899,0.9047619047619049,gp,mordred,$R^2$
0.08679371941216041,0.08650236870947747,0.5238095238095238,bnn,mfp,$R^2$
-3.612172448690458,-3.370457276309387,-0.04761904761904762,bnn,mordred,$R^2$
0.5223640015778155,0.5913089626903572,0.8095238095238096,ngboost,mfp,$R^2$
0.8556435717366272,0.8434400194993206,0.7142857142857143,ngboost,mordred,$R^2$
-0.0048435802411660135,0.0026051682221923667,-0.7142857142857143,gnngp,graphnet,$R^2$
