mean,median,kendall,method,feature,statistic
0.056863609641387404,0.055452674897119324,-0.3086066999241839,sngp,mfp,Absolute Miscalibration Area
0.05618753674309228,0.05617283950617281,-0.33333333333333337,sngp,mordred,Absolute Miscalibration Area
0.14031452087007643,0.1308641975308642,-0.7142857142857143,gp,mfp,Absolute Miscalibration Area
0.1838183421516755,0.1830246913580247,0.33333333333333337,gp,mordred,Absolute Miscalibration Area
0.39219576719576715,0.39660493827160487,0.5855400437691199,bnn,mfp,Absolute Miscalibration Area
0.23403880070546737,0.20740740740740737,0.04761904761904762,bnn,mordred,Absolute Miscalibration Area
0.07852733686067019,0.07561728395061723,-0.33333333333333337,ngboost,mfp,Absolute Miscalibration Area
0.13881540270429163,0.12654320987654322,0.14285714285714288,ngboost,mordred,Absolute Miscalibration Area
0.17107583774250437,0.17685185185185182,0.4285714285714286,gnngp,graphnet,Absolute Miscalibration Area
