mean,median,kendall,method,feature,statistic
0.05437086918568399,0.055321735877291424,0.06666666666666665,sngp,mfp,Absolute Miscalibration Area
0.04844743733632622,0.05289001122334454,0.06666666666666665,sngp,mordred,Absolute Miscalibration Area
0.09351228332709816,0.10629442573887019,0.6,gp,mfp,Absolute Miscalibration Area
0.15935590472627512,0.1461372989150767,0.2,gp,mordred,Absolute Miscalibration Area
0.338991769547325,0.3383838383838384,-0.13801311186847082,bnn,mfp,Absolute Miscalibration Area
0.2528526000748223,0.24887766554433216,0.06666666666666665,bnn,mordred,Absolute Miscalibration Area
0.0704420750717047,0.06673213617658064,-0.7333333333333333,ngboost,mfp,Absolute Miscalibration Area
0.1120775657812695,0.10821174710063597,0.06666666666666665,ngboost,mordred,Absolute Miscalibration Area
0.21777964833520388,0.21141975308641972,0.6,gnngp,graphnet,Absolute Miscalibration Area
