mean,median,kendall,method,feature,statistic
-0.007956719287065392,-0.008500233974006455,0.2,sngp,mfp,$R^2$
0.000687511976524798,0.0066414096115510746,0.4666666666666666,sngp,mordred,$R^2$
0.5548493142507113,0.5750177458892237,0.8666666666666666,gp,mfp,$R^2$
0.6525015548470074,0.7099724847429194,0.8666666666666666,gp,mordred,$R^2$
-0.04229334797724368,-0.04076158764209992,0.06666666666666665,bnn,mfp,$R^2$
-2.6989973718470988,-2.511206410371652,-0.3333333333333333,bnn,mordred,$R^2$
0.5160631492718349,0.5631502151696495,0.8666666666666666,ngboost,mfp,$R^2$
0.7934216260742232,0.853326091288636,0.7333333333333333,ngboost,mordred,$R^2$
0.009627742306879608,0.016370616703626162,0.7333333333333333,gnngp,graphnet,$R^2$
